User,date,Type,Sample ID,spec #'s,d13C (vpdb),d13C_stdev,d18O_gas (vsmow),d18O_mineral (vpdb),d18O_stdev,d47,d47_stdev,D47 (v. Oz),D47_stdev,D47_sterr,d48,d48_stdev,D48,D48_stdev
,,,LB-001_07,531,-6.614749999999999,0.001639359631075421,40.786375,1.4076604601241058,0.008395497305104067,12.810468551437168,0.044281843391301881,0.080697935558579625,0.039397060935261977,0.013132353645087325,50.605727895355606,0.31005583865283987,19.079370590714973,0.29796975157882427
,,,BOC DIW,541,-10.882999999999999,0.0015811388300840156,24.932125000000003,-13.846735429570316,0.0037562448003288936,-7.1990843927138553,0.026268718459595296,-0.08256420780607121,0.023741637852966509,0.0079138792843221704,-0.47575269802570064,0.45726504282822528,-0.24290811505960075,0.45463697478903264
,,,eBOC 25degC,551,-10.539999999999999,0.0022360679775000401,59.759250000000002,19.662686488834723,0.0064177488264961198,28.122403219452593,0.02769232713561863,0.48080703648033241,0.028417393707065471,0.0094724645690218243,113.45715163673628,0.23281337404505964,41.723906520238891,0.20920221221443264
,,,eBOC,561,-10.866375,0.0026427968139830001,57.062250000000013,17.067728940259045,0.0052855936279668199,24.235700652261979,0.02496389824118693,-0.39166292566451821,0.025760544686736095,0.008586848228912031,103.83107684076651,0.42533500096627108,37.993943547918562,0.39242244514043484
,,,BOC,571,-10.828499999999998,0.0037080992435479018,30.322625000000002,-8.6601879080288739,0.0080457675208768908,-2.5751482225291,0.035278037837560089,-0.83521332715269514,0.042569558795762456,0.014189852931920819,16.487908956231678,0.56255989558746455,6.1143000347917695,0.54720443768206872
,,,CIT Carrara,580,2.1078749999999999,0.0020879116360612874,37.402499999999996,-1.8481838019027208,0.0045276925690673764,17.690037051253857,0.034296352116300818,-0.21135352591281076,0.032153195548273852,0.010717731849424617,39.477995732414122,0.43544652864169031,14.869667298824345,0.41991209323598006
,,,H-2473,589,-22.633249999999997,0.0025372228912729617,32.627375000000001,-6.4426393688817569,0.0068727268969469039,-11.548490359430394,0.020709191046863459,-0.59537113816093834,0.017747451268402537,0.0059158170894675127,24.271712524057055,0.34350144382397557,9.3027122488117797,0.34285670332289547
,,,13540,598,0.042249999999999996,0.0033819373146171711,30.634875000000001,-8.3597520553990137,0.0046485884954469755,8.8605102976899026,0.031931337510728561,-0.26839043096238413,0.030589650119607192,0.010196550039869063,17.958071682551534,0.35596107231386148,6.954398320497976,0.34489892625589619
,,,TV03,607,3.359375,0.0033888604279314646,30.569499999999998,-8.4226535569704168,0.0045825756949554805,12.244520994860013,0.027066749419401646,-0.044200020698034748,0.02913201211851596,0.0097106707061719866,17.782433131269542,0.36428953925426849,6.9070830039000279,0.35424630880688579
,,,BOC 25degC,617,-10.505375000000001,0.003388860427931299,28.132999999999996,-10.76696726372036,0.0091923881554253385,-3.6490271256513931,0.033892462765409963,-0.058992865582488396,0.030804345648974021,0.010268115216324673,10.218730932236342,0.19217435742507363,4.1721274049600776,0.179774400432135
,,,BOC,627,-10.778,0.0032403703492040531,30.327000000000002,-8.655978438516442,0.0078740078740117351,-2.5180821215489977,0.025065797370419501,-0.83141138440098739,0.021659890283439023,0.0072199634278130075,16.456251535887251,0.29916154777981141,6.074470209443156,0.28283856037541233
,,,H-881,636,-7.9506249999999996,0.0042701727131347258,25.080874999999995,-13.703613466147686,0.0052066663999147051,-4.5710263911514701,0.029103475237563892,-0.43720299685207076,0.029491050561060585,0.0098303501870201943,0.31452482581575164,0.38219373904380144,0.25584154821091387,0.38137986981688438
,,,13540,645,4.4520000000000008,6.8036684406281873,58.167250000000003,18.130920668540909,6.6527889593387846,204.2061725058818,217.51081752784796,156.4248210498354,206.2448913272363,68.748297109078763,1514.3739753484786,8270.3863232439016,1305.8041511317863,7804.4257408250023
,,,CIT carrara,654,2.0906250000000002,0.0030388114452858331,37.442875000000001,-1.8093364118309267,0.0099553691543812616,17.65903198779948,0.027213138570829687,-0.26468128344857289,0.02945602212020041,0.0098186740400668035,40.134921802674839,0.54503152579423964,15.432220202858058,0.51941690800625306
,,,H-2473,663,-22.691374999999997,0.006101997623729951,32.470500000000001,-6.5935789185416667,0.0075332595866593978,-11.764331269174113,0.027263506908997918,-0.60181456619189111,0.035171894458775076,0.011723964819591691,23.84905102299955,0.66994330014473713,9.1926484103819064,0.64686276331240333
,,,TV03,673,3.3639999999999999,0.0043301270189222297,30.573250000000002,-8.4190454402454833,0.0073612159321683537,12.245355237021327,0.030514079283691497,-0.051674220893666023,0.031592867838625048,0.010530955946208349,17.611985548860293,0.69093698495281464,6.7309736043544435,0.67065277914978327
,,,BOC,683,-10.603555555555554,0.0030951973949296754,57.822888888888897,17.799588646029381,0.0062617790238252711,25.300150691449826,0.02179216852620101,-0.34187930571686714,0.023979657723144508,0.0075830335916384018,105.48979535966663,0.29101301324069956,38.059277167817527,0.26505154338068015
,,,run27,694,2.6924999999999999,0.0024999999999999909,25.955624999999998,-12.861960104777083,0.0065180039122417115,6.5946884601789977,0.037156833115275546,-0.42873613902924546,0.031553349921301294,0.010517783307100431,2.692081856899164,0.34939379726889147,0.91988489636930793,0.34180200739035943
,,,run28,703,2.380125,0.0022043990110684765,25.711124999999999,-13.097209315243063,0.006790388427771043,6.0004760917649609,0.023151694058107762,-0.47626539691945913,0.020486829999853375,0.0068289433332844587,2.001340870569337,0.2482311879340823,0.70734527256099966,0.23593650711991107
,,,CIT carrara,712,2.1059999999999999,0.0030822070014845091,37.422750000000001,-1.8286999715880938,0.0074624057783006176,17.672028231331421,0.046368122825784439,-0.24701513169864131,0.044228256355638644,0.014742752118546214,40.020964433424957,0.39583516433767596,15.360263831366932,0.38325883141023365
,,,OKC-FL,721,-1.4725000000000001,0.0042426406871192597,31.121375,-7.8916590456169615,0.0040291903653216924,7.8038927606186457,0.045416152126871862,-0.33732675703210258,0.046053422110355464,0.015351140703451822,19.355580432390791,0.34848243311263288,7.3863444930508813,0.33923611455489544
,,,eBOC 25degC,731,-10.398000000000001,0.0036055512754639002,58.213375000000006,18.175300504257635,0.0070699628711890661,26.725268188821623,0.030439476923968426,0.47113704285370317,0.026340936931903806,0.0087803123106346016,106.82001184349485,0.40302584107396772,38.54152892764376,0.37468861527549913
,,,run27,740,2.6967500000000002,0.0032307119958300563,25.868124999999996,-12.946149495025679,0.0070787975673842936,6.5209697412641416,0.027979134434962027,-0.41911639819053326,0.027983716117809646,0.0093279053726032148,2.3191344175449791,0.20686623387389175,0.71831407973244055,0.19688518551504305
,,,run28,749,2.3736250000000001,0.0015761900266147875,25.631375000000002,-13.173941930926759,0.0036033838263499068,5.873860102621566,0.029735310969618501,-0.51665123151649339,0.029307043308651297,0.0097690144362170984,1.8073276080632559,0.29634127981537534,0.66916631003663407,0.29643917790340008
,,,OKC-HL-NoAcetone,758,-1.4308749999999999,0.0022043990110685524,31.162624999999998,-7.8519697616426782,0.012338329506055356,7.9006262324827006,0.033333413866659306,-0.32182808897059101,0.029725935556936135,0.0099086451856453782,19.680959138370973,0.17457339476693176,7.6277037491602471,0.17153540741697787
,,,TV03,767,3.3811249999999999,0.003333072906493339,30.590375000000002,-8.4025683738682631,0.0061833951030164352,12.29666698327693,0.039773725402286284,-0.03442593300982677,0.037276800971137246,0.012425600323712415,17.946075388984081,0.35682038081396067,7.027951746967978,0.35137667839117381
,,,OKC-BR,776,-1.4032499999999999,0.0026339134382131714,30.902125000000005,-8.1026136034684271,0.0066977141623095204,7.6212359819984234,0.026316426618516561,-0.36831938193068736,0.028452752785009427,0.009484250928336475,19.141527899288263,0.27620503593254847,7.6035292578743441,0.27369693893598412
,,,OKC-HL,785,-1.5613750000000002,0.00299739470207043,31.2925,-7.7270086524023469,0.005338539126015192,7.8837157023657616,0.017619506838155996,-0.34134813499588079,0.017966689998380352,0.0059888966661267836,19.798200623380847,0.29931465125283085,7.4895670169418525,0.28833197087584722
,,,CIT Carrara,795,2.0492500000000002,0.0021650635094610632,37.361625000000004,-1.8875122742045676,0.0055663610195531713,17.566413784857208,0.021751811061936951,-0.23623521413236592,0.024914903443302754,0.0083049678144342508,39.547772353613915,0.33639256957568242,15.017902693727018,0.32662034360040232
,,,eBOC,804,-9.4566250000000007,0.0030388114452856185,59.319499999999991,19.239574667557008,0.0054083269131972563,27.981909258769413,0.03762183383469233,-0.28589758376416918,0.033620105500609836,0.011206701833536612,109.95723081310743,0.57341701634686304,39.311007919772351,0.52952452474893674
,,,run28,813,1.7557499999999999,0.022889681081220831,24.746749999999999,-14.025096666339707,0.008642193008721535,7.3714378112838785,0.32871483731947226,2.4473189159991553,0.35688162419916691,0.1189605413997223,-46.633553011905988,4.2562277208530306,-46.070506339316076,4.2437359894710154
,,,run27,822,2.6313749999999998,0.0031199959935871813,25.757249999999999,-13.052829479526338,0.0045207853300056906,6.3454556584006951,0.02285790197922024,-0.42079260294673737,0.024713849610503352,0.0082379498701677847,1.9190167014244219,0.3403143858373191,0.53489605580005206,0.33714724018202041
,,,OKC-BR,831,-1.3926250000000002,0.0020577597041443055,30.908875000000002,-8.0961189933634898,0.0097009986599321182,7.6572781589512706,0.035844858035549654,-0.34978668264054602,0.035479328498939415,0.011826442832979804,18.89244993224359,0.32340297294170645,7.3437596834922267,0.30499600222129747
,,,OKC-FL,840,-1.0754999999999999,0.0030822070014844593,30.044000000000004,-8.9282709806917921,0.0070533679898329999,7.1119374776093585,0.03174353750014057,-0.34154435060997079,0.027126511797359996,0.0090421705991199988,15.88825148286921,0.34726422471045942,6.0607746808915293,0.33845228749982492
,,,TV03,849,3.3583750000000006,0.0040291903653215683,30.564250000000001,-8.427704920385338,0.0062998015841769688,12.240684833118717,0.020586123482945168,-0.041793892115990494,0.01639086964820086,0.0054636232160669533,17.811699884090743,0.335395540356004,6.9463394552769655,0.32146524136262861
,,,BOC,858,-10.896999999999998,0.0039370039370059794,30.267000000000003,-8.7137083061154641,0.0095655632348542532,-2.6975347620236243,0.014386645456254515,-0.83630096049676361,0.020260997193836713,0.0067536657312789045,16.227701869533615,0.70004784842494783,5.9653037980372527,0.6796245250275621
,,,OKC-HL-NoAcetone,867,-1.4472500000000001,0.004264680527307981,31.134875000000001,-7.8786698254072007,0.014717655214062561,7.8850479468887,0.040383573964683527,-0.29423361789675251,0.041858921518894199,0.0139529738396314,18.882004484191299,0.6271402226690248,6.8922327818319307,0.62352002427789088
,,,OKC-HL,876,-1.5450000000000002,0.0018708286933870021,31.309750000000001,-7.7104113154676099,0.009283722313813041,7.9220171737284319,0.020006689946848379,-0.33622526255401575,0.025135133653598339,0.0083783778845327797,19.817953162092078,0.44704340498792455,7.4753313985972945,0.42872955693152692
,,,CIT Carrara,885,2.0703749999999999,0.0025464435984329202,37.379999999999995,-1.8698325022523647,0.008544003745318305,17.618862444785854,0.028283250075827215,-0.2230182572956485,0.027064154093717516,0.0090213846979058394,39.59746862840548,0.25830287100475835,15.030490079439989,0.24913920026581135
,,,OKC-HL,894,-1.5453749999999997,0.003533323506275666,31.336749999999999,-7.6844328750480457,0.0078222439235813707,7.9548267517949709,0.022695727478934703,-0.330209470308096,0.025239509480910662,0.0084131698269702213,20.203604641483686,0.16247034119726145,7.8033406015374229,0.16204410349130721
,,,OKC-FL,903,-1.4793749999999999,0.0039031237489990382,31.091624999999997,-7.9202834383015102,0.0065371534324963117,7.7559367856702695,0.021645543601110161,-0.34859570749692925,0.024535824062402976,0.0081786080208009915,19.572557340295472,0.42057098225852863,7.6591981715282005,0.40983380043429241
,,,eBOC,913,-10.5885,0.0026925824035672441,58.400874999999999,18.355706340504511,0.0096103785045118829,25.870778784271323,0.029692023859297156,-0.35665357422776101,0.029078954561622929,0.0096929848538743098,106.74388076040003,0.38945504156771599,38.102558494832557,0.3705918676520118
,,,BOC 25deg C,923,-10.481624999999999,0.0035685256059048995,26.456624999999999,-12.379915710325335,0.0032763356055205322,-5.3392047027019789,0.024882454572231795,-0.11673560419631079,0.026704632194237479,0.0089015440647458258,4.4006101415768599,0.35541729231128183,1.652319977594602,0.35232643577337186
,,,14-NPK-31,933,0.393625,0.002232571387436471,29.036999999999995,-9.8971705918952466,0.0027838821814145849,7.5626168702713734,0.033725195446018937,-0.3126446019710849,0.03545803025527091,0.011819343418423637,11.955629362316898,0.24094613023839959,4.1279010532815636,0.23774732987346142
,,,14-NPK-32,942,0.89324999999999999,0.0032307119958300242,29.263374999999996,-9.6793606122664642,0.016529802630400072,8.2035170296578528,0.051636812545716559,-0.38147851155628798,0.038263970256622551,0.012754656752207516,13.497462033303728,0.30065022788011503,5.2155578464359582,0.28225050256048645
,,,TV03,951,3.3778749999999995,0.0020271593425283357,30.632374999999996,-8.3621574665489646,0.0050974871260253121,12.315181461786658,0.028420114963447211,-0.054176366324168446,0.031804156433014028,0.010601385477671343,17.920362420672724,0.2691136601122826,6.9208153771510847,0.25971878396676873
,,,14-NPK-44,960,4.5031249999999998,0.0039191038516475114,29.498249999999999,-9.4533722347277944,0.0073100957586068327,12.035890614638813,0.017240817057268203,-0.28803226360556156,0.015218915846528227,0.0050729719488427421,14.287854417344887,0.32014228409402168,5.5383960515513335,0.30741891756140799
,,,14-NPK-50,969,-14.539,0.0,23.184000000000001,-15.528719176179038,0.0,5.677215824801519,0.0,18.274138428073904,0.0,0.0,136.85139905134002,0.0,141.01171369175492,0.0
,,,BOC,973,-11.046749999999999,0.002817356917396235,30.000625000000003,-8.9700048641435899,0.0050233828243526797,-3.1009658602122858,0.030736311168592805,-0.83145269960699375,0.033676365351823126,0.011225455117274375,15.257776332537482,0.29481154080647332,5.5252246339479445,0.28882993948726399
,,,14-NPK-65,982,0.77937500000000004,0.0031199959935871743,27.8035,-11.084000453284972,0.0030413812651493956,6.6344528159351732,0.02968147620175408,-0.38350769242165295,0.029858078203890852,0.0099526927346302845,8.608155650505207,0.30291861052080504,3.2094514510113132,0.29852328094621755
,,,14-NPK-43a,991,-5.1093749999999991,0.0017275343701357035,23.318875000000002,-15.398947244638748,0.0063134281495869976,-3.7242402462233093,0.024162697780330592,-0.58725878301303658,0.027559885491227044,0.0091866284970756815,-5.2941847940347566,0.36726737068224419,-1.9254352458201867,0.3620852057873124
,,,CIT Carrara,1000,2.101,0.0022912878474779341,37.384124999999997,-1.8658635738549805,0.0046485884954464377,17.629719446624726,0.021909356063652873,-0.24597647120375155,0.022252934153535568,0.0074176447178451897,39.207562622691853,0.42327357234831764,14.641562492517732,0.40691960811243622
,,,14-NPK-43b,1009,-4.4139999999999997,0.0025980762113532434,25.608250000000002,-13.196191984063915,0.0040233692348577753,-0.72040774685883102,0.03284730969004572,-0.52666960767272508,0.033370900196631595,0.011123633398877198,1.7009059818756229,0.25812663944842867,0.61144290739820195,0.2592810265497098
,,,BOC 25deg C,1019,-10.557250000000002,0.0044370598373249682,25.698875000000001,-13.108995829877884,0.0041060169264139964,-6.1543357734563262,0.029856064666181542,-0.11026725259645487,0.032702332821865077,0.010900777607288359,2.2105003693550547,0.36292639464920778,0.94549273572985815,0.36041125704653765
,,,TV03,1030,3.374625,0.0039031237489989476,30.629000000000001,-8.365404771601419,0.0070356236397354751,12.321339893847863,0.022115027378790768,-0.041855774159799131,0.029511815204648156,0.0098372717348827188,17.620377893521358,0.48772592852644947,6.6304483158569907,0.47088889071781304
,,,14-NPK-5,1039,0.53087499999999999,0.0026190408549696224,29.548999999999999,-9.4045423883836463,0.011169153951844988,8.1903530983940467,0.030705983853289515,-0.32887583656381059,0.024076791693243834,0.008025597231081278,14.541064892030954,0.23103611269879895,5.6922597306271605,0.22676104502883002
,,,14-NPK-17,1048,0.40612499999999996,0.0030181741169123897,29.268999999999998,-9.6739484371790638,0.0066895440801293723,7.7746146670579614,0.025674588501648044,-0.34424532221867532,0.031410748522605662,0.010470249507535221,13.154810555450066,0.40659113424741067,4.8644256783098587,0.39605898073142615
,,,14-NPK-26,1057,0.73412500000000003,0.0020879116360612601,29.511749999999999,-9.4403830145180336,0.005068283733178274,8.317677617311702,0.028622600627179674,-0.36158138654668326,0.022393941229506255,0.0074646470765020847,14.38564025614877,0.27727242504695865,5.6106164166839223,0.27739318414395503
,,,14-NPK-43a,1066,-5.1588750000000001,0.004255511132637271,23.076375000000002,-15.632272126184759,0.0047417691845980034,-3.9671717780624176,0.02485111871276029,-0.54172376581798631,0.027011785240062126,0.0090039284133540416,-6.4804717479227554,0.27089151682471596,-2.6431139321588946,0.26517562778305259
,,,14-NPK-43b,1075,-4.41425,0.0022220486043290524,25.691249999999997,-13.116332333885225,0.0046569840025496171,-0.63890140765165571,0.026623210774335035,-0.52773855715625151,0.026673767269831769,0.0088912557566105891,2.0356267281902549,0.28347371931101378,0.78341417299235272,0.27609226229354689
,,,14-NPK-44,1084,5.248875,11.655692551683705,83.328999999999994,42.34066226953226,14.239979529479669,817.55143853425488,219.00029565834296,705.21626162565371,216.13691506389398,72.045638354631322,6439.189839896706,5329.2919189079921,5681.684242110482,4795.3531906680346
,,,BOC,1095,-11.01525,0.0026339134382131158,57.070999999999998,17.076147879283894,0.0036055512754632228,24.123549623895681,0.030856255337234923,-0.3644676623933002,0.029001464557754767,0.0096671548525849218,102.72682550151825,0.47541993468936394,36.93867657647035,0.44345972411138607
,,,14-NPK-9a,1104,4.6914999999999996,0.0031622776601684349,27.978000000000002,-10.916102755017832,0.0079372539331937931,10.65223536203327,0.01835821237335708,-0.33088425862329296,0.016683355941855629,0.0055611186472852093,9.3506580853867725,0.26614135008158096,3.605477461781331,0.25983077296831991
,,,14-NPK-9b,1113,3.1465000000000001,0.0018027756377320115,27.756375000000002,-11.129342453461703,0.003805834336910193,8.9500308787799874,0.02234781701754452,-0.31456452908582011,0.024642744366397379,0.008214248122132459,8.7653082715449209,0.22063787914022748,3.4567167410312485,0.21802133874605734
,,,14-NPK-5,1122,0.52337500000000003,0.0046887498333777677,29.539749999999998,-9.4134424096385203,0.0082575722824566374,8.2083704649644886,0.03529711784829323,-0.29460179694532074,0.041116875454066712,0.013705625151355571,14.59335473624207,0.26648453039481462,5.7622071660678449,0.26458312011835255
,,,CIT Carrara,1131,2.061375,0.0022325713874364627,37.321125000000002,-1.9264799348338926,0.0038547859862767737,17.51671682698781,0.036467033706554984,-0.25695667844133352,0.034529216745992818,0.01150973891533094,39.550706412630483,0.35060848760513275,15.099994436519172,0.3360689322220628
,,,14-NPK-31,1140,5.9694285714285718,8.9544407635404628,71.970999999999989,31.412398333039082,10.018985420547473,441.95643624288238,246.33985096135302,367.1578704356096,244.24334022691593,86.35306106705265,1098.2828855666705,5612.7889628460071,977.39664474835024,5122.4736022269271
,,,eBOC 25degC ,1149,-10.628625,0.0089852309374886599,57.933499999999995,17.906014726019791,0.021319005605326818,26.276428719622977,0.038376744973797276,0.52800672933546455,0.030840426383298883,0.010280142127766295,100.37593287383972,1.501787474879998,33.041045384093422,1.3694614436081407
,,,14-NPK-13,1158,0.85075000000000001,0.003344772040064916,29.199624999999997,-9.7406985965904056,0.0079205034562199825,8.1594032937418337,0.028669198772164849,-0.32154457284314097,0.037994094658827478,0.012664698219609159,12.631800269704176,0.36326251662929293,4.4811124218783327,0.35116148285274401
,,,14-NPK-15,1167,1.1743750000000002,0.0039031237489989806,28.896749999999997,-10.032114157407918,0.004548351349664837,8.1233130599801591,0.047999821728093174,-0.36890445990958587,0.047537147934444121,0.015845715978148042,11.981148325849503,0.32938112874858,4.4264679328873404,0.32298366157034208
,,,TV03,1176,3.332875,0.0041060169264141725,30.369625000000003,-8.614966178409631,0.0029127950494330047,12.014490105001624,0.031312982460745362,-0.048666072941225269,0.027365337791917094,0.0091217792639723648,16.837282492423846,0.26943999410952374,6.3620709587083448,0.26518042285652349
,,,14-NPK-9a,1185,4.7406249999999996,0.004151430476353842,28.064375000000002,-10.83299579978673,0.0081230766954399711,10.774168214665201,0.019674428256280338,-0.34328282037099367,0.019112672291752841,0.0063708907639176138,9.7266731153996133,0.37158163813271505,3.8103072035090415,0.36849771975145723
,,,14-NPK-9b,1194,0.51462500000000011,0.0032763356055202923,29.482624999999999,-9.4684060544150697,0.0080612886686925733,8.1450026882619611,0.022293551382681319,-0.29258290288110278,0.018548038878191852,0.0061826796260639506,14.098052510133179,0.3654670823968062,5.3826874754766134,0.35705175379536702
,,,14-NPK-5,1203,0.37562499999999999,0.0039031237489990027,28.864374999999995,-10.063264231799891,0.012707650254865621,7.3283785630460745,0.027707011769946954,-0.35679347896669378,0.015402681280733339,0.00513422709357778,12.76156290011463,0.30754376285405055,5.2648758938973472,0.29666797411674539
,,,BOC,1213,-11.123749999999999,0.0011989578808282563,29.959250000000001,-9.0098144186753899,0.0078541390362026758,-3.2548404811777472,0.023256460783553572,-0.86960778146566442,0.020304828900292823,0.0067682763000976075,15.199479836477332,0.18231003155563708,5.5485746616291136,0.16706541366471633
,,,14-NPK-15,1223,1.13775,0.0021650635094610953,28.757375,-10.166215829018128,0.0040600954422276535,7.9956540441381838,0.041224910399097987,-0.32201229711033286,0.039761885378041581,0.013253961792680527,11.350010944828245,0.26611247164595014,4.0723189479119899,0.25848472775698916
,,,14-NPK-13,1232,0.8892500000000001,0.0041155194082885859,29.24175,-9.7001674187136047,0.010316855140982037,8.2156429568955005,0.053070785611269523,-0.34453799181145828,0.047924788751715873,0.015974929583905291,13.148426308004289,0.57758043119073643,4.9112673046454587,0.55934478629907758
,,,14-NPK-9a,1241,4.7070000000000007,0.0035707142142716842,28.092874999999999,-10.805574112677206,0.011591349144944522,10.766784949826864,0.019758851704554284,-0.34653664503976611,0.023683154624219622,0.0078943848747398734,9.8853915448527871,0.42559993475279545,3.9125027714739939,0.4032596731179986
,,,14-NPK-9b,1250,3.1517499999999998,0.002165063509461166,27.773,-11.113346469314436,0.0032787192621513504,8.9498974894864247,0.026842527922456616,-0.33619789315106341,0.026495507030288565,0.0088318356767628555,8.987792066711755,0.41093702943423105,3.6455700719402326,0.40706712471816175
,,,CIT Carrara,1259,1.9712499999999999,0.0031124748994971882,37.153625000000005,-2.087642481881133,0.0051462972125598345,17.262771770434338,0.028355494452714368,-0.25541722456508265,0.023763970892211706,0.007921323630737236,38.407695472926981,0.47286445498500596,14.311390532562266,0.45630828770107429
,,,eBOC 25degC,1269,-10.602874999999999,0.0047549316504023982,59.647999999999996,19.555645692661571,0.0059160797830984397,27.947072443217504,0.032914623374606614,0.47873249334980106,0.03408714904158687,0.01136238301386229,110.46298792061225,0.66055444783713335,39.140887109658138,0.60740441836077264
,,,14-NPK-52,1278,15.670999999999999,3.2149999999999999,132.70850000000002,89.85186222129073,7.5025000000000048,937.98052906769078,341.84351568920317,719.17658345776272,309.0805061119629,178.44771340500756,2017.7519225435121,7349.5780859207116,1551.0226567624977,6052.6779283625447
,,,TV03,1283,3.3093750000000002,0.0044423389109791347,30.395500000000006,-8.5900701730075752,0.0059791303715504684,12.041251737357983,0.040921893331730054,-0.025415703872710971,0.039598811534381523,0.013199603844793842,16.983516599302199,0.34643335910111556,6.4560984207858318,0.33846787988858573
,,,14-NPK-54b,1292,-4.5467500000000003,0.0024366985862022007,23.399374999999999,-15.321493005610108,0.0036379080527140007,-3.0890797115493633,0.032251605500444362,-0.57452200686909649,0.032338386024408992,0.01077946200813633,-5.1626561850635957,0.32557702287034895,-1.9506978407502207,0.32286065523598911
,,,14-NPK-47,1301,4.2977499999999997,0.0028173569173961565,29.870874999999998,-9.0948457028264329,0.0075072881255484197,12.201295733555098,0.042625762054536831,-0.29636932046191167,0.041541791804059258,0.013847263934686419,15.218592756709885,0.3428230380182361,5.7331013031041014,0.33243394032378693
,,,14-NPK-46,1310,4.6861249999999997,0.0046754010523164724,29.569750000000003,-9.384577475838995,0.005584576975921858,12.27692860234391,0.028148232843274102,-0.29596547465657319,0.032502378423222601,0.0108341261410742,14.313560741958078,0.53604845225145548,5.4242944176621926,0.52417293420496136
,,,BOC,1320,-10.5465,0.0024494897427833162,29.636625000000002,-9.3202327275775758,0.0042701727131346998,-2.9910984982227027,0.03439941392082408,-0.84786826365394752,0.037894717468017286,0.012631572489339096,14.163910633978862,0.34413049273182972,5.1518657311272333,0.33707613389701446
,,,14-NPK-48,1329,0.71499999999999997,0.0019148542155126779,29.089833333333335,-9.8463362362594093,0.0021147629234086443,7.9046895786684752,0.025432948784074458,-0.33484082436776214,0.022033909880426444,0.0083280351362881849,12.406994855350661,0.56993469918959339,4.4724963349878069,0.56422356753518688
,,,14-NPK-46_dol,1337,5.9247500000000004,0.0036996621467372736,32.990000000000002,-6.0937344815802277,0.010074720839805706,17.129364444378503,0.041061323903227184,-0.080188378613871292,0.041204599470764859,0.013734866490254953,24.783126221754209,0.47181666949761752,9.0862241869484599,0.45242331073531483
,,,CIT Carrara,1346,2.0133749999999999,0.0025950674365033985,37.234000000000009,-2.0103085134099672,0.010653637876330941,17.408110580224712,0.04023368097950792,-0.2319466464611869,0.036393315764706224,0.012131105254902075,38.17802622340556,0.44049177861307753,13.929953883925165,0.42113761473274741
,,,14-NPK-52,1355,0.1245,0.0030000000000000027,29.034000000000006,-9.9000570852751792,0.0089582364335842029,7.2084376626168902,0.026877978226179992,-0.40205777593153857,0.022789866363272682,0.0075966221210908942,12.761794126594827,0.26649698277041356,4.9338457840494989,0.25610466254129538
,,,14-NPK-54b,1364,-4.6352500000000001,0.0031523800532296193,23.323125000000001,-15.394858045683819,0.0074739129644382464,-3.2316772628569317,0.038963405712904575,-0.55613020347182462,0.032933378771219338,0.010977792923739779,-5.3230236663036532,0.44295363794136722,-1.962937776275417,0.44078612551507057
,,,14-NPK-47,1373,4.31175,0.0044651427748729254,29.816500000000001,-9.1471633953380405,0.0029580398915501202,12.163314761145829,0.039581566046720466,-0.29362443194895504,0.035979091635807516,0.011993030545269172,14.948280271674996,0.32970160191782899,5.5713827561560407,0.32474261205541505
,,,eBOC,1383,-12.171249999999999,0.0017139136501004772,49.250624999999999,9.5516609905399719,0.0095647464681505694,15.101537571757287,0.037976701319297514,-0.51765020720481725,0.03123327033181279,0.010411090110604263,76.463010612471152,0.45802941816636078,27.385693399219953,0.42757311055223834
,,,ENT_FL_dol_1,1392,2.9827500000000002,0.0036996621467371418,28.030375000000003,-10.865709391426179,0.0090958438311126884,9.0343531862512325,0.026586188112855201,-0.34520791918885019,0.021776557668293787,0.0072588525560979287,9.7353375778828255,0.55472625352096183,3.8865550531652362,0.54752446053925585
,,,CIT Carrara,1401,2.0166249999999999,0.0022878756522154301,37.263874999999999,-1.9815638501679729,0.0064505329237198273,17.450524856675987,0.044388646564208926,-0.22275417404764297,0.040639895456646799,0.013546631818882266,38.392951404877017,0.24844007649910183,14.081429231127956,0.23746831638614713
,,,14-NPK-46,1410,4.7723750000000003,0.0041814321709194519,29.796375000000001,-9.166526955095236,0.0098353634909946475,12.590294521436606,0.039817197469453773,-0.29343064108726391,0.040129946230900784,0.013376648743633595,15.410980464633228,0.38499577377438504,6.0690910485017566,0.37690930376383369
,,,14-NPK-48,1419,0.84062499999999996,0.0032379584617471579,29.393749999999997,-9.5539184207960943,0.0056291651245989269,8.2829074597491132,0.037335474762662975,-0.38144088111145835,0.039535514556374857,0.013178504852124953,13.837189869102339,0.54385327316235821,5.2975806745898524,0.5305176560724818
,,,eBOC,1429,-11.109125000000001,0.0011659223816362174,28.868749999999999,-10.059054762287445,0.0036314597615836456,-4.280803877954285,0.030823483063983807,-0.83442927018735624,0.03104877324970861,0.010349591083236203,11.299335460908393,0.35506443800355125,3.8094139110252945,0.35444181669722696
,,,14-NPK-9a_dol,1439,6.7021000000000015,0.0032999999999999688,31.828099999999999,-7.2116733676351261,0.0089938868127186853,16.576868460949147,0.022298143593747974,-0.22093328227270614,0.021141360282119603,0.00637435996486481,21.373847461782148,0.46601850565660002,7.9948271242076929,0.45973850478470629
,,,TV03,1451,3.352125,0.0030181741169124374,30.483374999999999,-8.5055199710865423,0.0086737751296657346,12.107998181704088,0.055798637679209118,-0.08714738399429045,0.053673262766145334,0.017891087588715111,17.457038223929903,0.33337542629834543,6.7532315564681769,0.32499903045874051
,,,A12?,1460,2.0335000000000001,0.0023979157616562923,24.875,-13.901699074346823,0.0037416573867738853,4.9028931402813258,0.035761936249521009,-0.40364477777292407,0.036377474412382559,0.01212582480412752,-0.90384571911755951,0.48735418016629428,-0.56508107723081402,0.48318483283900143
,,,D3?,1469,2.3473749999999995,0.0028256636388643442,22.670749999999998,-16.022550085265578,0.0074288289790520445,2.9435121036405936,0.013886714511967426,-0.463146077338078,0.019248199357489046,0.0064160664524963483,-7.2087802762484809,0.33324951451619672,-2.5867571690241506,0.33748404261786846
,,,D1?,1478,2.1891249999999998,0.0018328597873269418,22.166750000000004,-16.507480973097316,0.0052380817099386481,2.2984951672114904,0.023682873812945229,-0.45214521919047235,0.021081816709699289,0.0070272722365664298,-9.2605273763378086,0.45795809366377999,-3.6662630321897951,0.45374527571143336
